Contact First Name;Contact Last Name;Contact Full Name;Contact Id;Contact Outer Id;Organization Name;Organization Id;Organization Outer Id
Contact  QA;CU_1;Contact  QA CU_1;c9691397-8860-4a88-857b-ee19b5e58229;Contact-Oid-001;Organization QA CU_1;3941ce3d-aaf1-4d86-be4a-6162bca24032;Organization-Oid-001
Contact  QA;CU_2;Contact  QA CU_2;778f8ab9-9bd3-48c4-97a0-d12ff1bc293e;Contact-Oid-002;Organization QA CU_2;3941ce3d-aaf1-4d86-be4a-6162bca24032;Organization-Oid-002
Contact  QA;CU_3;Contact  QA CU_3;41ddc720-e2c3-4f7b-bf1c-0356868d6ef8;Contact-Oid-003;Organization QA CU_3;3941ce3d-aaf1-4d86-be4a-6162bca24032;Organization-Oid-003
Contact  QA;CU_4;Contact  QA CU_4;f4c187c3-1e04-462f-b5f6-497add09bff1;Contact-Oid-004;Organization QA CU_4;3941ce3d-aaf1-4d86-be4a-6162bca24032;Organization-Oid-004
Contact  QA;CU_5;Contact  QA CU_5;9df28854-a589-4a84-b9ac-95f0e48f6ea0;Contact-Oid-005;Organization QA CU_5;3941ce3d-aaf1-4d86-be4a-6162bca24032;Organization-Oid-005
Contact  QA;CU_6;Contact  QA CU_6;89041c43-0330-44ef-8002-bdff9b66f4eb;Contact-Oid-006;Organization QA CU_6;3941ce3d-aaf1-4d86-be4a-6162bca24032;Organization-Oid-006
Contact  QA;CU_7;Contact  QA CU_7;cc6a9f7f-b7e7-40c9-a97a-dc8abdd6a350;Contact-Oid-007;Organization QA CU_7;3941ce3d-aaf1-4d86-be4a-6162bca24032;Organization-Oid-007
Contact  QA;CU_8;Contact  QA CU_8;53c0a3f2-a016-48ee-8cb3-4f49717cea94;Contact-Oid-008;Organization QA CU_8;3941ce3d-aaf1-4d86-be4a-6162bca24032;Organization-Oid-008
Contact  QA;CU_9;Contact  QA CU_9;68b03280-f0bd-4cd8-bf87-f556246a0ef8;Contact-Oid-009;Organization QA CU_9;3941ce3d-aaf1-4d86-be4a-6162bca24032;Organization-Oid-009
